parameter,,
post up,,
double team,,
finger roll,,
pump fake,,
floater,,
slam dunk,,
pick and roll,,
coast to coast,,
outlet pass,,
fadeaway,,
tip in,,
alley oop,,
rainbow shot,,
teardrop,,
nothing but net,,
splash,,
between the legs,,
tomahawk,,
bank shot,,
poster,,
take it to the rack,,
swish,,
jab step,,
give and go,,
flop,,
baseball pass,,
reverse dunk,,
step back,,
fake,,
backdoor,,
lob,,
jam,,
behind the back,,
dime,,
side step,,
shake and bake,,
no look pass,,
euro step,,
,,
,,
,,
,,
,,
,,
,,
,,
,,
,,
,,
,,
,,
,,
,,